<?xml version="1.0" encoding="utf-8"?>
<SimulationConfig xmlns:i="http://www.w3.org/2001/XMLSchema-instance" xmlns="http://schemas.datacontract.org/2004/07/Triton">
	<IterationId>0037154e-b230-4f64-9608-0298b833550f</IterationId>
	<BaselineAceFileName></BaselineAceFileName>
	<DisablePml>false</DisablePml>
	<ForceSimDuration>-1</ForceSimDuration>
	<ListenerSamplingGridSpacing>1.5</ListenerSamplingGridSpacing>
	<MaterialCodeToPressureReflDict xmlns:d2p1="http://schemas.microsoft.com/2003/10/Serialization/Arrays">
		<d2p1:KeyValueOflongfloat>
			<d2p1:Key>0</d2p1:Key>
			<d2p1:Value>1</d2p1:Value>
		</d2p1:KeyValueOflongfloat>
		<d2p1:KeyValueOflongfloat>
			<d2p1:Key>1</d2p1:Key>
			<d2p1:Value>0</d2p1:Value>
		</d2p1:KeyValueOflongfloat>
		<d2p1:KeyValueOflongfloat>
			<d2p1:Key>2</d2p1:Key>
			<d2p1:Value>0.94868326187133789</d2p1:Value>
		</d2p1:KeyValueOflongfloat>
		<d2p1:KeyValueOflongfloat>
			<d2p1:Key>3</d2p1:Key>
			<d2p1:Value>0.31622779369354248</d2p1:Value>
		</d2p1:KeyValueOflongfloat>
		<d2p1:KeyValueOflongfloat>
			<d2p1:Key>9223372036854775796</d2p1:Key>
			<d2p1:Value>1</d2p1:Value>
		</d2p1:KeyValueOflongfloat>
		<d2p1:KeyValueOflongfloat>
			<d2p1:Key>9223372036854775797</d2p1:Key>
			<d2p1:Value>1</d2p1:Value>
		</d2p1:KeyValueOflongfloat>
		<d2p1:KeyValueOflongfloat>
			<d2p1:Key>9223372036854775798</d2p1:Key>
			<d2p1:Value>1</d2p1:Value>
		</d2p1:KeyValueOflongfloat>
		<d2p1:KeyValueOflongfloat>
			<d2p1:Key>9223372036854775799</d2p1:Key>
			<d2p1:Value>1</d2p1:Value>
		</d2p1:KeyValueOflongfloat>
		<d2p1:KeyValueOflongfloat>
			<d2p1:Key>9223372036854775800</d2p1:Key>
			<d2p1:Value>1</d2p1:Value>
		</d2p1:KeyValueOflongfloat>
		<d2p1:KeyValueOflongfloat>
			<d2p1:Key>9223372036854775801</d2p1:Key>
			<d2p1:Value>1</d2p1:Value>
		</d2p1:KeyValueOflongfloat>
		<d2p1:KeyValueOflongfloat>
			<d2p1:Key>9223372036854775802</d2p1:Key>
			<d2p1:Value>1</d2p1:Value>
		</d2p1:KeyValueOflongfloat>
		<d2p1:KeyValueOflongfloat>
			<d2p1:Key>9223372036854775803</d2p1:Key>
			<d2p1:Value>1</d2p1:Value>
		</d2p1:KeyValueOflongfloat>
		<d2p1:KeyValueOflongfloat>
			<d2p1:Key>9223372036854775804</d2p1:Key>
			<d2p1:Value>1</d2p1:Value>
		</d2p1:KeyValueOflongfloat>
		<d2p1:KeyValueOflongfloat>
			<d2p1:Key>9223372036854775805</d2p1:Key>
			<d2p1:Value>1</d2p1:Value>
		</d2p1:KeyValueOflongfloat>
		<d2p1:KeyValueOflongfloat>
			<d2p1:Key>9223372036854775806</d2p1:Key>
			<d2p1:Value>1</d2p1:Value>
		</d2p1:KeyValueOflongfloat>
		<d2p1:KeyValueOflongfloat>
			<d2p1:Key>9223372036854775807</d2p1:Key>
			<d2p1:Value>1</d2p1:Value>
		</d2p1:KeyValueOflongfloat>
	</MaterialCodeToPressureReflDict>
	<MaterialFileName></MaterialFileName>
	<MaxFrequency>500</MaxFrequency>
	<MeshFileName></MeshFileName>
	<NumProbes>65</NumProbes>
	<OutputFilePrefix>Acoustics_SampleScene</OutputFilePrefix>
	<ProbeGridSpacingHorizontalMax>3.5</ProbeGridSpacingHorizontalMax>
	<ProbeGridSpacingHorizontalMin>0.5</ProbeGridSpacingHorizontalMin>
	<ProbeGridSpacingVertical>1</ProbeGridSpacingVertical>
	<ProbeList size="dynamic">
		<value0>
			<i>6</i>
			<j>6</j>
			<k>5</k>
		</value0>
		<value1>
			<i>6</i>
			<j>20</j>
			<k>5</k>
		</value1>
		<value2>
			<i>4</i>
			<j>34</j>
			<k>5</k>
		</value2>
		<value3>
			<i>12</i>
			<j>36</j>
			<k>5</k>
		</value3>
		<value4>
			<i>4</i>
			<j>48</j>
			<k>5</k>
		</value4>
		<value5>
			<i>20</i>
			<j>6</j>
			<k>5</k>
		</value5>
		<value6>
			<i>20</i>
			<j>20</j>
			<k>5</k>
		</value6>
		<value7>
			<i>14</i>
			<j>30</j>
			<k>5</k>
		</value7>
		<value8>
			<i>20</i>
			<j>34</j>
			<k>5</k>
		</value8>
		<value9>
			<i>18</i>
			<j>42</j>
			<k>5</k>
		</value9>
		<value10>
			<i>20</i>
			<j>50</j>
			<k>5</k>
		</value10>
		<value11>
			<i>24</i>
			<j>42</j>
			<k>5</k>
		</value11>
		<value12>
			<i>30</i>
			<j>4</j>
			<k>5</k>
		</value12>
		<value13>
			<i>34</i>
			<j>0</j>
			<k>5</k>
		</value13>
		<value14>
			<i>34</i>
			<j>6</j>
			<k>5</k>
		</value14>
		<value15>
			<i>30</i>
			<j>20</j>
			<k>5</k>
		</value15>
		<value16>
			<i>34</i>
			<j>20</j>
			<k>5</k>
		</value16>
		<value17>
			<i>30</i>
			<j>30</j>
			<k>5</k>
		</value17>
		<value18>
			<i>30</i>
			<j>36</j>
			<k>5</k>
		</value18>
		<value19>
			<i>36</i>
			<j>34</j>
			<k>5</k>
		</value19>
		<value20>
			<i>28</i>
			<j>48</j>
			<k>5</k>
		</value20>
		<value21>
			<i>30</i>
			<j>42</j>
			<k>5</k>
		</value21>
		<value22>
			<i>30</i>
			<j>48</j>
			<k>5</k>
		</value22>
		<value23>
			<i>36</i>
			<j>48</j>
			<k>5</k>
		</value23>
		<value24>
			<i>30</i>
			<j>56</j>
			<k>5</k>
		</value24>
		<value25>
			<i>48</i>
			<j>6</j>
			<k>5</k>
		</value25>
		<value26>
			<i>48</i>
			<j>20</j>
			<k>5</k>
		</value26>
		<value27>
			<i>48</i>
			<j>34</j>
			<k>5</k>
		</value27>
		<value28>
			<i>48</i>
			<j>48</j>
			<k>5</k>
		</value28>
		<value29>
			<i>6</i>
			<j>6</j>
			<k>9</k>
		</value29>
		<value30>
			<i>6</i>
			<j>20</j>
			<k>9</k>
		</value30>
		<value31>
			<i>4</i>
			<j>34</j>
			<k>9</k>
		</value31>
		<value32>
			<i>12</i>
			<j>36</j>
			<k>9</k>
		</value32>
		<value33>
			<i>4</i>
			<j>48</j>
			<k>9</k>
		</value33>
		<value34>
			<i>20</i>
			<j>6</j>
			<k>9</k>
		</value34>
		<value35>
			<i>20</i>
			<j>20</j>
			<k>9</k>
		</value35>
		<value36>
			<i>14</i>
			<j>30</j>
			<k>9</k>
		</value36>
		<value37>
			<i>20</i>
			<j>34</j>
			<k>9</k>
		</value37>
		<value38>
			<i>18</i>
			<j>42</j>
			<k>9</k>
		</value38>
		<value39>
			<i>20</i>
			<j>50</j>
			<k>9</k>
		</value39>
		<value40>
			<i>24</i>
			<j>42</j>
			<k>9</k>
		</value40>
		<value41>
			<i>30</i>
			<j>4</j>
			<k>9</k>
		</value41>
		<value42>
			<i>34</i>
			<j>0</j>
			<k>9</k>
		</value42>
		<value43>
			<i>34</i>
			<j>6</j>
			<k>9</k>
		</value43>
		<value44>
			<i>30</i>
			<j>20</j>
			<k>9</k>
		</value44>
		<value45>
			<i>34</i>
			<j>20</j>
			<k>9</k>
		</value45>
		<value46>
			<i>30</i>
			<j>30</j>
			<k>9</k>
		</value46>
		<value47>
			<i>30</i>
			<j>36</j>
			<k>9</k>
		</value47>
		<value48>
			<i>36</i>
			<j>34</j>
			<k>9</k>
		</value48>
		<value49>
			<i>28</i>
			<j>48</j>
			<k>9</k>
		</value49>
		<value50>
			<i>30</i>
			<j>42</j>
			<k>9</k>
		</value50>
		<value51>
			<i>30</i>
			<j>48</j>
			<k>9</k>
		</value51>
		<value52>
			<i>36</i>
			<j>48</j>
			<k>9</k>
		</value52>
		<value53>
			<i>30</i>
			<j>56</j>
			<k>9</k>
		</value53>
		<value54>
			<i>48</i>
			<j>6</j>
			<k>9</k>
		</value54>
		<value55>
			<i>48</i>
			<j>20</j>
			<k>9</k>
		</value55>
		<value56>
			<i>48</i>
			<j>34</j>
			<k>9</k>
		</value56>
		<value57>
			<i>48</i>
			<j>48</j>
			<k>9</k>
		</value57>
		<value58>
			<i>14</i>
			<j>46</j>
			<k>29</k>
		</value58>
		<value59>
			<i>30</i>
			<j>0</j>
			<k>29</k>
		</value59>
		<value60>
			<i>30</i>
			<j>16</j>
			<k>29</k>
		</value60>
		<value61>
			<i>20</i>
			<j>44</j>
			<k>33</k>
		</value61>
		<value62>
			<i>30</i>
			<j>4</j>
			<k>33</k>
		</value62>
		<value63>
			<i>30</i>
			<j>20</j>
			<k>33</k>
		</value63>
		<value64>
			<i>30</i>
			<j>34</j>
			<k>33</k>
		</value64>
	</ProbeList>
	<ProbeMinHeightAboveGround>0.75</ProbeMinHeightAboveGround>
	<ProbeMaxHeightAboveGround>1.75</ProbeMaxHeightAboveGround>
	<ProbeRadius>-1</ProbeRadius>
	<ProbeSignal>Equalized</ProbeSignal>
	<ProbeVolumeTypeStr>Point</ProbeVolumeTypeStr>
	<RectDecompMaximizeAccuracy>false</RectDecompMaximizeAccuracy>
	<RectDecompMethod>Octree</RectDecompMethod>
	<SceneScale>1</SceneScale>
	<ShouldComputeDirectivity>true</ShouldComputeDirectivity>
	<SimRegion>
		<Bounds>
			<MaxCorner>
				<X>45</X>
				<Y>45</Y>
				<Z>20</Z>
			</MaxCorner>
			<MinCorner>
				<X>-45</X>
				<Y>-45</Y>
				<Z>-10</Z>
			</MinCorner>
		</Bounds>
	</SimRegion>
	<SourceConfigFileName></SourceConfigFileName>
	<SpeedOfSound>340</SpeedOfSound>
	<UnitAdjustment>1</UnitAdjustment>
	<UseFiniteDifference>false</UseFiniteDifference>
	<VoxelData>
		<Binary_Data_File>Acoustics_SampleScene.vox</Binary_Data_File>
		<Bounding_Box>
			<MaxCorner>
				<X>5.2844362258911133</X>
				<Y>10.624355316162109</Y>
				<Z>3.7700004577636719</Z>
			</MaxCorner>
			<MinCorner>
				<X>-9.7155637741088867</X>
				<Y>-4.4200000762939453</Y>
				<Z>-3.1771340370178223</Z>
			</MinCorner>
		</Bounding_Box>
		<Cell_Size>0.25499999523162842</Cell_Size>
		<Input_Geometry>Unknown</Input_Geometry>
		<Voxelization_Bounding_Box>
			<MaxCorner>
				<X>5.2844362258911133</X>
				<Y>10.624355316162109</Y>
				<Z>5.7750005722045898</Z>
			</MaxCorner>
			<MinCorner>
				<X>-9.7155637741088867</X>
				<Y>-4.4200000762939453</Y>
				<Z>-3.1771340370178223</Z>
			</MinCorner>
		</Voxelization_Bounding_Box>
		<X_Resolution>60</X_Resolution>
		<Y_Resolution>60</Y_Resolution>
		<Z_Resolution>37</Z_Resolution>
	</VoxelData>
	<PreappliedTransform>
		<value0>
			<value0>1</value0>
			<value1>0</value1>
			<value2>0</value2>
			<value3>0</value3>
		</value0>
		<value1>
			<value0>0</value0>
			<value1>1</value1>
			<value2>0</value2>
			<value3>0</value3>
		</value1>
		<value2>
			<value0>0</value0>
			<value1>0</value1>
			<value2>1</value2>
			<value3>0</value3>
		</value2>
		<value3>
			<value0>0</value0>
			<value1>0</value1>
			<value2>0</value2>
			<value3>1</value3>
		</value3>
	</PreappliedTransform>
</SimulationConfig>

